{
    "  5280 3956 brown 0.85": {
        "projection_type": "brown",
        "width": 5280,
        "height": 3956,
        "focal_x": 0.8504376922646707,
        "focal_y": 0.8504376922646707,
        "c_x": 0.002089992043557495,
        "c_y": -0.0006253760029163153,
        "k1": -0.004724899280640004,
        "k2": -0.0035211569337628063,
        "p1": -0.0003346287744818622,
        "p2": -0.0029907823044710243,
        "k3": -0.001833122459205721
    }
}