{
    "dji m3m 2592 1944 perspective 0.8055": {
        "projection_type": "perspective",
        "width": 2592,
        "height": 1944,
        "focal": 0.805130146734991,
        "k1": -0.0006896561419981992,
        "k2": -0.012820043928948506
    }
}