{
    "dji m3m 2592 1944 perspective 0.8055": {
        "projection_type": "perspective",
        "width": 2592,
        "height": 1944,
        "focal": 0.9555009885758659,
        "k1": -0.039088301329642555,
        "k2": -0.062063064633567484
    }
}