{
    "dji m3m 2592 1944 perspective 0.8055": {
        "projection_type": "perspective",
        "width": 2592,
        "height": 1944,
        "focal": 0.8052708648058567,
        "k1": -0.0008063607756839907,
        "k2": -0.011073708805811698
    }
}