{
    "dji m3m 2592 1944 perspective 0.8055": {
        "projection_type": "perspective",
        "width": 2592,
        "height": 1944,
        "focal": 0.8063292784668366,
        "k1": -0.0015507321095162318,
        "k2": -0.00687386651559324
    }
}